ItemName,
Lupo,
Majaica,
Fuze,
Appolo,
Malboro,
Strike,
Wilston,
AirFilter,
FP-100,
Paracorde,
PassPresse,
BearBuddy,
Wparts,
42nd,
Aramid,
Cordura,
Fleece,
Ripstop,
Nalis,
Nuts,
Gauge,
PGlass,
Shus,
Xeno,
Mparts,
RubanAdhesif,
RubanAdhesifIsolant,
KenTape,
Screws,
Therm,
TubeSilicone,
Poxeram,
Hose,
Mtube,
Bolts,
1Gphone,
USB-A,
Magnet,
GasAn,
RAM,
PSU,
Bougie,
Cordura,
MCable,
GPU,
PCB,
MCB,
GMcount,
Caps,
Tertiz,
HDD,
AESA,
Wires,
PFilter,
GPhone,
GPX,
MGT,
ES Lamp,
Bulb,
UV Lamp,
Broken LCD,
LCD,
DVD,
RFIDR,
VPX,
Iridum,
EMotor,
T-Plug,
EDrill,
CPU,
Helix,
Relay,
Virtex,
SC-C10,
CPU Fan,
Tank battery,
AA batt,
Car batt,
Cycion,
D batt,
GreenBat,
PowerBan,
RBattery,
Thermite,
Matches,
Crickent,
Dfluel,
Fuel,
FireKlean,
FCond,
Eagle,
Hawk,
Kitle,
Propane,
SurvL,
WD40 400,
WD40 100,
Zibbo,
Akali,
Salt,
Clin,
BeardOil,
Poison,
Dentifrice,
Bleach,
Clorine,
Sodium,
Paid,
Paper,
Repellent,
Shampoo,
Cleaner,
Soap,
Tp,
Toothpast,
H2O,
Vitam,
NaCI,
Syringe,
LEDX,
Bloodset,
MedTools,
OScope,
Meds,
Defibrillat,
Poicon,
Bulbex,
Metre,
F scrd,
L&F scdr,
Hand drill,
MScissor,
Nippers,
PGW,
Pilers,
Elite,
RAtch,
RPilers,
Scdr,
Master,
Krasavch,
TSet,
Teapot,
Vase,
Axel,
Vase,
Axel,
Book,
Lion,
Cat,
Prokill,
Chainet,
Ornagement ,
Skull,
Egg,
GoldChain,
Rooster,
Gp,
Horse,
Loot Lord,
Firesteel,
bitcoin,
Raven,
Roler,
Vertas,
Clock,
BakeEzy,
Diary,
Intelligence,
MFD,
SAS,
Flash drive,
SMT,
Diary,
SS,
Manual,
Maps,
VHS,
,
